<?xml version="1.0" encoding="utf-8"?>
<Task xmlns:xsi="http://www.w3.org/2001/XMLSchema-instance" xmlns:xsd="http://www.w3.org/2001/XMLSchema">
  <TaskId>7</TaskId>
  <TaskName>SecondTestForMaMorshead</TaskName>
  <TaskDescription>jgdkfsalgfd</TaskDescription>
  <TimeDue>2024-01-24T00:00:00</TimeDue>
  <AssignedEmployees>
    <Employee>
      <Id>25</Id>
      <Email>kmorsheado@sakura.ne.jp</Email>
      <FirstName>Mà</FirstName>
      <LastName>Morshead</LastName>
      <Department>Support</Department>
      <AssignedTasks />
    </Employee>
  </AssignedEmployees>
  <AssignedDepartments>
    <Department>Support</Department>
  </AssignedDepartments>
  <Status>Open</Status>
</Task>