<?xml version="1.0" encoding="utf-8"?>
<Task xmlns:xsi="http://www.w3.org/2001/XMLSchema-instance" xmlns:xsd="http://www.w3.org/2001/XMLSchema">
  <TaskId>5</TaskId>
  <TaskName>TestWednesday</TaskName>
  <TaskDescription>fsdfdfsffsf</TaskDescription>
  <TimeDue>2024-02-25T00:00:00</TimeDue>
  <AssignedEmployees>
    <Employee>
      <Id>32</Id>
      <Email>gdrinkeldv@goo.gl</Email>
      <FirstName>Andréa</FirstName>
      <LastName>Drinkeld</LastName>
      <Department>Support</Department>
      <AssignedTasks />
    </Employee>
    <Employee>
      <Id>77</Id>
      <Email>gferier24@nasa.gov</Email>
      <FirstName>Agnès</FirstName>
      <LastName>Ferier</LastName>
      <Department>Support</Department>
      <AssignedTasks />
    </Employee>
    <Employee>
      <Id>125</Id>
      <Email>lwarboy3g@privacy.gov.au</Email>
      <FirstName>Sòng</FirstName>
      <LastName>Warboy</LastName>
      <Department>Support</Department>
      <AssignedTasks />
    </Employee>
  </AssignedEmployees>
  <AssignedDepartments>
    <Department>Support</Department>
  </AssignedDepartments>
  <Status>Cancelled</Status>
</Task>