<?xml version="1.0" encoding="utf-8"?>
<Task xmlns:xsi="http://www.w3.org/2001/XMLSchema-instance" xmlns:xsd="http://www.w3.org/2001/XMLSchema">
  <TaskId>10</TaskId>
  <TaskName>Welp</TaskName>
  <TaskDescription>Ehm</TaskDescription>
  <TimeDue>2024-01-26T00:00:00</TimeDue>
  <AssignedEmployees>
    <Employee>
      <Id>157</Id>
      <Email>jgarrettson4c@ed.gov</Email>
      <FirstName>Naéva</FirstName>
      <LastName>Garrettson</LastName>
      <Department>Human_Resources</Department>
      <AssignedTasks />
    </Employee>
    <Employee>
      <Id>162</Id>
      <Email>cwinwright4h@smugmug.com</Email>
      <FirstName>Noémie</FirstName>
      <LastName>Winwright</LastName>
      <Department>Research_and_Development</Department>
      <AssignedTasks />
    </Employee>
  </AssignedEmployees>
  <AssignedDepartments>
    <Department>Research_and_Development</Department>
  </AssignedDepartments>
  <Status>Open</Status>
</Task>